id,ZIV20_pocet,ZIV20_1,ZIV20_2,ZIV20_3,ZIV20_4,ZIV20_5,ZIV20_6,ZIV20_7,ZIV20_8,ZIV20_9,ZIV20_10,ZIV20_11,ZIV20_12,ZIV20_13,ZIV20_14,ZIV20_15,ZIV20_16
1,16,3,4,4,2,2,1,2,5,1,3,6,5,3,5,6,5
2,23,7,5,4,3,9,4,4,2,5,6,7,4,4,4,4,3
3,14,6,3,4,2,5,2,3,2,7,4,2,3,6,3,2,2
4,2,1,1,0,0,0,1,1,0,0,0,1,0,1,0,1,0
5,14,6,4,3,1,6,3,4,2,4,1,4,3,4,3,4,3
6,1,0,0,1,1,0,0,1,0,0,0,1,1,0,0,1,1
7,1,0,0,0,0,0,1,1,0,0,1,1,0,0,1,1,0
8,1,0,0,1,0,0,0,1,1,0,0,0,1,0,0,0,1
9,1,0,0,0,1,0,0,0,1,0,0,0,0,0,0,0,0
10,22,11,12,9,6,6,5,5,2,4,7,4,2,7,4,2,1
11,13,5,2,2,1,2,2,1,1,1,2,1,4,1,4,3,4
12,13,2,2,4,2,5,4,7,6,5,6,7,2,3,4,3,0
13,7,3,2,0,1,4,1,0,1,1,1,1,1,1,2,1,1
14,5,2,1,0,1,1,0,0,0,0,1,0,1,0,1,1,1
15,1,1,0,0,0,0,1,0,0,0,1,1,0,0,0,1,0
16,4,0,2,1,2,1,2,1,1,1,1,1,1,0,0,2,2
17,15,7,7,5,1,9,7,7,1,2,5,7,1,1,8,7,0
18,13,4,5,2,2,2,3,1,1,3,4,1,1,3,3,1,2
19,11,4,6,2,1,1,2,3,5,1,1,3,4,1,3,3,4
20,6,1,3,3,2,1,1,0,1,1,1,0,0,0,0,0,0
21,3,2,2,0,0,2,1,1,1,1,1,1,0,0,0,0,0
22,2,1,1,1,1,1,1,1,0,0,0,0,0,0,0,0,0
23,4,2,1,1,1,1,0,1,1,0,0,1,1,0,0,1,1
24,2,0,0,1,1,0,1,1,0,1,0,0,0,1,1,1,1
25,4,1,0,0,0,2,1,1,1,0,0,0,0,1,0,0,1
26,3,0,0,1,1,1,1,1,0,0,0,0,0,1,1,1,1
27,2,1,1,1,1,0,1,1,1,0,2,2,2,2,2,0,1
28,1,0,1,1,0,0,0,1,0,0,1,1,0,1,1,0,0
29,4,1,0,0,1,1,1,1,1,0,0,1,2,0,0,1,2
30,8,2,2,0,0,2,1,0,0,2,1,1,0,3,2,0,0
31,6,0,1,0,2,0,1,2,2,0,1,3,0,2,2,2,2
32,12,1,1,1,0,1,2,3,3,1,3,3,3,6,4,3,3
33,3,0,0,1,1,1,0,1,2,1,1,0,1,1,1,1,1
34,24,5,8,12,7,3,4,6,6,4,4,4,5,5,2,1,1
35,22,3,10,4,1,10,10,2,2,5,1,2,3,2,2,4,6
36,8,1,1,1,1,1,0,2,2,1,1,2,1,4,2,2,1
37,15,2,5,9,7,1,3,4,5,1,3,5,4,1,2,3,1
38,4,1,0,1,2,1,1,2,3,0,1,1,1,1,1,1,1
39,3,2,1,1,1,2,1,1,1,1,2,1,0,1,1,0,0
40,2,0,0,2,1,0,1,2,1,0,1,1,1,0,1,2,1
41,5,2,0,1,1,1,1,1,1,0,1,0,1,0,1,0,1
42,10,3,3,3,3,2,4,3,3,4,5,4,2,2,1,2,1
43,6,4,3,2,2,2,2,2,1,0,1,1,1,0,1,1,1
44,3,0,0,0,0,0,0,0,0,0,0,0,0,1,1,1,2
45,7,1,0,0,2,1,0,0,3,1,0,0,3,2,2,1,2
46,15,3,0,0,1,2,1,1,3,3,3,3,2,3,3,4,4
47,5,1,2,0,2,1,1,1,1,1,0,1,0,2,1,1,0
48,2,1,1,1,0,1,1,1,0,2,2,1,0,0,1,2,2
49,6,1,1,1,5,0,0,0,2,0,0,0,0,0,0,0,0
50,33,10,8,8,9,4,3,9,6,8,5,9,10,7,2,7,7
51,14,3,3,1,1,1,3,2,2,5,6,5,1,4,7,6,3
52,11,1,5,4,1,2,3,3,2,1,4,3,3,2,4,2,4
53,5,1,1,1,1,1,2,1,3,1,2,2,2,0,1,1,1
54,5,1,1,1,0,2,2,1,1,1,1,1,2,1,0,1,1
55,4,0,1,2,2,0,1,2,1,1,2,1,1,1,2,1,1
56,6,0,1,2,2,1,2,1,1,2,2,1,0,1,1,1,0
57,7,2,2,2,2,2,1,1,1,3,2,1,1,1,2,2,0
58,1,0,0,0,0,0,0,0,0,0,0,1,1,0,0,1,0
59,3,0,0,1,1,1,1,1,2,1,1,1,1,0,1,1,1
60,29,2,2,7,15,4,3,9,14,7,5,7,8,6,5,6,3
61,15,1,1,2,1,4,6,6,1,8,6,6,2,11,7,5,5
62,21,0,4,7,3,4,4,9,4,6,5,7,4,5,3,5,3
63,18,1,3,3,2,2,2,2,7,3,3,7,9,6,4,6,8
64,14,2,1,2,2,7,1,1,1,9,2,1,3,6,1,2,3
65,8,3,4,2,1,3,3,3,2,3,2,2,2,2,1,1,0
66,8,3,3,3,0,1,1,4,4,3,2,3,3,2,2,2,2
67,8,1,0,1,1,1,1,1,1,1,0,1,1,2,2,2,1
68,4,1,2,1,0,2,2,1,2,3,2,2,2,3,1,1,1
69,26,5,3,2,4,5,4,2,5,6,4,4,6,8,6,8,9
70,2,1,0,0,0,1,0,0,0,2,0,0,0,2,0,0,0
71,15,3,2,3,2,2,2,3,10,2,2,5,9,1,1,5,5
72,2,1,1,1,1,1,1,1,1,1,1,1,0,0,0,0,0
73,7,2,2,2,3,2,2,2,2,1,1,1,1,1,1,1,1
74,8,4,2,0,1,2,2,1,0,3,2,1,1,1,2,2,1
75,6,1,0,0,1,1,1,0,1,2,2,1,2,2,1,1,0
76,10,1,1,2,4,6,5,3,3,6,6,4,3,1,1,2,2
77,31,11,9,5,9,9,5,7,5,6,2,10,8,7,5,11,4
78,2,1,0,0,0,1,0,0,0,0,0,0,0,0,0,0,1
79,11,2,2,2,3,3,4,3,3,4,3,1,3,3,4,4,3
80,6,2,1,0,1,3,1,0,1,3,2,1,1,3,4,0,0
81,5,1,0,1,2,1,0,0,2,1,0,1,2,1,0,2,1
82,3,1,1,1,0,0,1,1,0,0,1,1,1,0,1,0,1
83,5,0,1,0,1,0,1,1,1,0,1,1,2,1,0,3,3
84,23,8,7,7,9,5,7,2,3,5,3,6,7,4,4,7,7
85,10,2,2,2,2,3,2,2,1,2,1,2,1,1,2,3,2
86,4,2,1,1,0,3,1,1,1,1,2,2,1,1,1,1,1
87,4,1,1,0,1,1,1,1,1,1,2,1,1,1,2,1,1
88,11,1,1,3,2,3,1,2,4,4,1,2,4,4,3,3,4
89,9,1,2,2,0,3,2,2,1,3,1,3,2,4,4,3,3
90,11,2,1,2,2,2,4,2,2,4,4,1,2,5,4,2,1
91,10,1,1,2,2,2,1,1,1,2,3,2,1,3,5,4,2
92,6,3,1,1,1,3,2,0,1,2,2,0,0,2,2,1,1
93,11,3,2,3,3,2,1,1,3,3,2,2,2,2,2,2,2
94,9,3,2,2,1,3,1,1,1,2,1,1,1,2,1,3,3
95,9,1,3,3,2,3,2,2,2,3,1,1,1,1,1,1,3
96,21,7,7,2,3,8,8,3,1,5,9,9,9,3,3,3,6
97,25,3,5,5,4,3,2,1,4,7,4,2,4,8,8,4,8
98,9,3,2,1,0,5,2,0,1,5,2,0,0,7,3,1,1
99,1,0,0,0,0,0,0,0,0,1,0,0,0,1,1,0,0
100,12,2,3,3,3,2,2,3,4,1,2,2,4,0,3,3,4
101,19,7,4,6,6,5,5,2,7,6,10,8,7,4,4,4,3
102,9,4,1,3,1,3,3,3,1,1,3,1,1,2,2,0,1
103,3,1,0,0,1,1,1,0,1,0,1,0,0,1,1,0,0
104,4,1,1,0,0,1,1,0,0,0,1,0,1,0,1,0,1
105,13,4,3,3,2,1,1,0,2,5,5,2,0,4,4,3,1
106,4,1,1,2,1,3,2,2,0,1,2,1,1,2,2,1,1
107,11,3,3,3,5,3,3,3,4,1,2,3,4,2,3,3,4
108,17,1,2,2,2,6,6,6,3,11,10,10,7,11,3,2,5
109,12,5,4,3,2,5,3,6,5,4,0,1,2,3,3,2,3
110,21,3,4,4,7,4,3,6,10,3,4,9,7,4,1,6,3
111,24,4,4,6,4,9,7,5,4,9,5,3,4,9,6,4,4
112,16,7,4,2,2,6,4,2,1,4,3,2,3,3,2,2,3
113,19,2,3,5,4,1,4,8,3,1,4,8,4,4,6,7,4
114,18,8,4,2,4,6,3,2,3,2,3,2,3,3,2,2,4
115,20,4,5,7,4,3,5,3,4,4,7,5,5,2,3,5,9
116,33,7,11,6,6,8,6,6,8,9,6,3,5,6,6,7,4
117,29,5,10,11,6,8,12,12,13,9,8,3,10,6,10,7,11
118,16,5,2,1,2,6,4,2,1,8,7,4,2,3,4,2,2
119,5,2,1,1,0,1,1,1,0,1,0,0,0,1,1,1,1
120,3,1,0,0,1,1,0,0,1,0,0,1,1,0,0,1,1
121,9,1,1,2,2,2,2,2,2,2,5,7,7,2,3,3,3
122,10,1,2,1,3,2,3,3,5,4,6,4,4,3,5,2,1
123,19,3,3,3,4,3,4,5,4,3,7,5,3,3,7,5,2
124,16,7,4,4,3,3,2,4,3,3,3,2,5,2,1,4,5
125,7,2,2,1,0,5,2,1,0,4,3,1,0,1,3,1,0
126,16,7,3,4,3,6,4,3,3,3,3,4,3,4,3,3,3
127,20,4,5,2,5,2,6,7,7,3,5,6,5,3,5,6,4
128,38,8,8,10,5,9,9,10,6,12,14,11,7,13,12,9,7
129,13,5,5,4,2,5,3,5,2,3,3,5,3,2,2,2,3
130,7,0,1,2,2,0,2,3,2,2,3,2,0,2,1,1,2
131,9,1,3,4,3,2,1,3,1,2,1,2,2,3,4,4,4
132,2,0,0,0,1,0,0,0,0,0,0,1,1,0,0,1,1
133,3,1,1,0,0,1,1,0,0,1,0,1,1,0,0,2,2
134,4,1,1,0,0,2,2,1,1,1,1,1,0,1,1,3,1
135,15,3,2,2,4,4,2,3,3,2,2,3,2,2,3,3,6
136,10,1,3,3,1,1,3,3,2,0,1,2,2,3,4,4,2
137,12,5,5,1,1,4,4,1,2,3,1,1,2,1,1,1,1
138,9,4,2,3,2,2,2,2,3,2,1,2,2,2,2,3,3
139,15,3,4,3,3,3,4,1,2,2,1,1,2,2,3,2,4
140,13,4,3,2,3,2,2,2,4,2,4,2,7,5,5,3,3
141,14,4,3,0,1,2,2,1,1,2,3,1,1,4,4,3,3
142,15,3,4,2,4,3,5,3,4,1,2,3,3,6,6,6,4
143,7,1,2,1,0,1,2,1,0,2,2,1,0,3,3,0,0
144,5,0,2,0,1,0,2,0,1,1,2,0,1,2,2,1,3
145,13,6,5,4,3,3,4,5,4,4,2,1,1,4,2,2,2
146,15,0,2,2,2,2,2,2,3,3,4,5,5,4,4,2,4
147,63,17,13,16,13,12,11,19,11,12,14,19,13,9,11,14,14
148,17,3,2,3,3,3,3,3,4,5,5,3,3,4,5,5,3
149,11,2,2,1,0,2,3,3,3,2,4,2,1,2,4,2,2
150,3,1,1,1,1,1,1,1,1,1,1,1,2,0,1,1,2
151,3,0,0,1,1,0,1,1,1,1,1,1,1,1,2,1,1
152,4,1,1,0,1,2,2,1,1,1,1,1,1,1,1,0,1
153,7,1,2,2,2,1,2,1,2,2,3,1,2,4,4,3,2
154,12,1,4,5,6,1,2,3,4,4,3,2,0,4,1,2,1
155,11,1,4,3,2,3,4,3,2,4,3,2,1,5,4,2,1
156,4,1,1,1,0,1,1,1,2,1,1,1,2,0,1,1,0
157,12,3,1,1,2,4,2,2,1,5,1,2,0,4,6,4,1
158,11,3,3,2,1,5,2,1,0,3,2,3,2,1,2,2,2
159,15,1,2,2,3,1,4,4,4,3,3,3,4,5,4,5,3
160,18,6,3,6,6,6,4,5,3,4,5,6,3,5,6,4,6
161,14,4,4,4,4,5,5,2,1,2,2,1,1,2,2,2,3
162,13,2,2,3,4,2,2,6,7,1,2,6,6,2,1,2,4
163,7,2,2,2,3,1,2,2,3,1,1,1,1,0,1,1,1
164,8,0,3,2,1,3,3,3,3,0,3,3,2,0,2,2,1
165,12,1,3,4,2,1,1,3,3,2,2,1,1,3,2,1,1
166,12,4,3,2,2,1,2,2,5,1,3,3,4,3,3,2,5
167,6,3,2,0,1,1,2,0,2,0,1,0,1,1,1,0,0
168,8,1,2,2,1,2,2,3,2,1,2,2,2,1,2,2,3
169,13,2,3,3,1,3,5,3,2,4,6,3,3,5,6,4,2
170,22,3,4,11,4,5,6,14,8,4,5,7,6,4,4,6,5
171,10,2,2,2,1,2,3,1,2,4,3,1,2,4,1,1,2
172,12,5,5,5,5,4,3,4,5,2,2,1,0,2,2,1,1
173,2,0,1,1,1,0,1,0,1,0,1,2,1,1,1,1,1
174,37,8,4,6,5,7,6,7,10,4,6,6,11,3,9,9,5
175,39,7,8,3,11,12,7,3,5,11,7,2,5,9,10,5,5
176,13,2,1,2,2,1,1,4,3,2,2,4,2,2,2,5,4
177,10,2,2,1,0,3,3,2,1,3,4,4,3,4,2,3,2
178,10,1,2,3,3,2,2,1,2,2,3,2,1,4,3,2,1
179,12,3,2,4,2,3,3,4,2,0,1,2,3,2,3,2,2
180,7,2,1,3,2,3,3,3,3,2,2,2,1,2,3,3,1
181,11,1,3,1,1,2,3,1,2,5,3,2,2,5,3,3,2
182,8,1,2,3,3,3,1,1,2,2,3,3,3,1,1,2,1
183,6,2,1,1,0,2,2,1,0,1,1,1,1,2,2,1,2
184,16,5,5,4,0,4,2,3,1,6,5,4,2,4,3,4,3
185,13,3,3,1,2,4,5,2,2,7,6,2,2,4,4,3,1
186,12,4,3,0,3,3,2,2,5,3,3,2,2,2,3,3,1
187,25,9,7,3,2,5,3,2,1,4,7,5,2,4,5,3,3
188,9,2,2,2,2,3,3,1,1,2,3,2,2,2,2,2,2
189,18,4,6,5,4,4,6,2,2,3,6,5,5,8,4,2,3
190,10,2,1,1,3,2,2,1,3,1,2,3,3,2,3,2,3
191,9,2,1,1,3,2,1,2,3,2,2,2,2,1,2,1,1
192,9,3,3,2,3,1,1,2,3,3,1,2,2,2,1,3,1
193,11,2,2,2,1,1,2,3,2,3,1,2,1,4,4,4,2
194,9,2,2,3,2,2,1,3,2,0,2,2,2,1,3,3,2
195,18,4,9,9,3,4,9,6,2,5,7,5,2,5,5,5,3
196,10,1,4,2,1,1,4,2,1,2,4,3,2,4,3,4,5
197,14,8,5,1,1,2,2,2,2,2,2,2,3,2,2,2,3
198,13,5,4,4,3,6,3,1,3,5,3,2,2,5,3,1,2
199,10,3,4,2,2,4,4,4,4,4,1,4,3,2,2,3,2
200,11,2,1,1,1,1,2,3,3,1,2,3,2,3,3,5,2
201,10,3,1,2,2,2,1,2,3,2,1,1,3,3,1,1,2
202,23,4,6,4,5,7,7,7,7,8,6,3,10,4,4,3,12
203,5,2,1,0,2,2,2,2,2,0,0,0,0,1,0,0,0
204,1,1,0,0,0,0,0,0,0,0,0,0,0,0,0,0,0
205,12,0,1,1,2,0,2,3,8,0,2,2,8,1,2,3,6
206,19,7,2,2,3,7,2,5,5,3,3,6,1,3,2,6,3
207,16,3,5,4,2,1,5,4,3,4,7,6,6,3,2,3,4
208,26,3,4,2,2,5,3,4,8,10,5,8,8,9,4,4,9
209,10,3,2,1,1,3,2,2,1,2,2,3,1,2,2,2,2
210,7,1,1,1,2,1,1,1,1,1,1,2,2,2,2,3,2
211,9,1,2,2,2,1,1,1,2,2,1,2,2,2,2,2,3
212,11,2,1,3,2,2,2,1,1,2,2,2,3,3,2,2,2
213,11,1,1,2,2,3,3,2,2,4,3,2,2,2,3,2,2
214,13,3,3,5,4,5,2,5,4,3,2,4,2,3,2,2,2
215,14,1,2,5,4,1,2,5,3,1,4,5,4,2,4,3,2
216,10,1,4,4,1,1,2,4,4,3,5,3,3,2,5,3,1
217,6,2,1,1,1,2,2,1,1,1,2,1,1,2,1,1,1
218,13,2,3,2,2,2,5,5,3,4,6,6,4,2,4,3,2
219,13,3,2,4,4,2,4,2,4,1,4,2,3,1,4,4,3
220,11,4,2,2,2,3,4,4,3,4,4,2,3,3,2,2,3
221,10,3,4,2,2,4,3,1,1,3,2,1,0,2,3,2,1
222,7,1,0,1,2,1,1,2,3,1,0,1,2,1,1,1,1
223,27,4,4,9,11,7,8,10,6,9,8,5,3,9,10,6,3
224,7,4,2,2,1,1,1,1,2,1,1,1,1,1,0,1,2
225,3,1,1,1,1,2,0,1,2,1,0,2,2,1,2,2,0
226,1,1,0,0,0,0,0,0,0,0,0,0,0,0,0,0,0
227,28,9,10,9,7,4,6,4,4,6,9,6,3,5,7,8,4
228,11,2,1,1,1,5,3,3,2,3,2,3,3,3,4,5,5
229,6,2,1,0,1,0,1,1,1,0,0,2,2,1,1,2,1
230,14,2,2,2,3,5,3,2,3,2,2,2,3,3,3,5,3
231,11,3,3,3,1,3,4,3,1,3,3,2,2,2,2,1,3
232,11,1,2,1,2,2,2,1,3,2,3,4,1,2,3,4,2
233,11,4,4,2,2,5,3,2,2,2,4,4,4,2,3,2,4
234,9,2,2,2,5,1,2,1,1,1,1,1,1,1,2,2,1
235,11,4,4,2,2,4,1,2,1,4,2,3,2,2,2,2,2
236,3,2,1,0,0,0,1,1,0,1,1,1,0,1,1,1,0
237,0,0,0,0,0,0,0,0,0,0,0,0,0,0,0,0,0
238,1,0,0,0,0,0,0,0,1,0,0,0,1,0,0,0,0
239,40,11,4,9,9,11,5,9,6,8,8,12,10,9,8,10,8
240,21,10,13,8,3,13,8,3,2,9,3,4,1,5,3,4,1
241,13,5,2,0,2,4,2,2,2,3,2,3,2,4,3,2,2
242,9,3,2,4,1,3,2,4,2,4,2,2,2,2,2,1,2
243,9,1,2,1,1,1,1,1,2,1,2,3,3,1,2,2,2
244,1,1,0,0,0,1,0,0,0,0,0,0,0,0,0,0,0
245,4,0,0,1,3,0,0,0,1,0,0,0,1,0,0,0,1
246,9,2,1,2,4,2,1,3,3,1,2,1,2,1,1,1,3
247,18,4,4,4,11,2,2,3,5,1,1,4,5,1,1,2,3
248,25,2,3,7,6,4,5,7,7,5,7,6,5,7,7,6,8
249,2,1,1,1,0,1,0,0,0,1,0,0,1,1,0,0,1
250,6,1,0,1,1,1,1,2,1,1,1,2,2,1,1,1,2
251,5,1,0,0,1,2,1,0,0,3,2,1,1,2,2,2,2
252,20,8,7,11,10,5,6,6,1,4,6,3,1,3,5,4,1
253,11,4,3,3,2,4,3,4,2,3,1,3,3,2,1,1,2
254,14,3,2,1,4,2,3,3,4,2,2,1,3,2,2,1,2
255,12,3,3,2,2,3,4,4,5,2,3,3,3,2,2,2,2
256,12,4,2,3,2,4,3,2,2,4,3,1,2,5,3,2,1
257,9,2,2,2,2,2,2,3,3,1,1,2,3,5,6,3,3
258,7,0,1,1,2,1,2,2,2,1,1,0,2,1,1,1,1
259,12,2,2,2,3,4,2,2,3,3,1,1,1,3,2,1,3
260,4,0,0,1,1,0,1,1,1,0,2,2,1,1,1,2,1
261,3,2,2,1,0,2,1,1,0,1,0,0,0,0,0,0,0
262,11,4,2,3,1,5,1,3,2,3,2,4,2,2,2,2,1
263,5,0,1,1,0,2,1,1,1,2,2,2,0,1,2,2,2
264,9,3,2,3,2,4,2,2,1,5,3,1,2,3,2,1,1
265,14,1,1,1,3,3,2,3,3,3,2,4,6,4,5,4,5
266,11,1,1,3,2,4,4,5,5,5,3,2,1,3,2,3,2
267,11,2,2,3,3,2,2,2,4,2,2,2,2,1,3,1,1
268,16,3,3,3,2,2,2,3,3,1,2,3,5,4,4,3,2
269,12,4,2,1,1,3,1,1,1,3,1,2,2,6,6,1,1
270,15,5,6,4,4,2,6,5,4,2,3,6,3,2,3,6,2
271,4,1,0,1,2,1,1,1,3,0,0,1,3,0,1,2,2
272,14,3,0,0,1,4,4,2,1,4,4,2,4,5,4,2,2
273,10,1,2,2,1,1,2,1,0,4,4,3,1,1,1,3,3
274,5,0,0,0,1,0,1,1,1,3,3,2,1,3,1,2,2
275,16,6,6,3,4,4,4,6,6,5,4,6,6,2,2,5,3
276,6,2,2,1,2,0,0,1,3,0,1,2,2,1,0,1,1
277,7,1,2,1,2,0,1,2,1,1,1,4,3,1,1,3,2
278,18,3,5,6,8,5,4,5,4,3,2,3,5,3,3,3,3
279,10,5,6,2,1,6,6,4,1,2,4,5,1,3,4,2,1
280,11,2,2,1,3,1,1,1,3,1,1,4,5,4,3,5,4
281,3,0,1,1,0,0,1,1,0,0,1,1,1,1,1,1,1
282,10,1,0,2,2,2,1,1,1,6,1,2,1,6,1,2,3
283,8,2,3,2,2,2,3,3,2,1,2,2,1,1,1,1,1
284,8,1,1,2,2,2,2,2,3,2,1,2,2,1,2,2,1
285,9,1,1,1,0,3,4,2,1,1,4,3,1,2,3,2,1
286,16,5,5,4,3,6,4,2,2,5,5,1,1,4,6,1,1
287,7,1,1,3,3,2,1,1,2,2,0,1,1,2,2,1,0
288,14,1,2,2,6,2,3,1,3,2,4,3,3,2,3,3,2
289,4,0,0,2,1,0,0,2,1,1,1,2,1,1,1,3,2
290,12,3,1,0,2,3,2,2,2,3,3,3,3,4,2,2,2
291,12,5,4,5,3,1,2,4,3,4,5,4,4,2,4,4,3
292,13,4,6,3,2,5,4,3,4,2,1,2,4,2,3,3,3
293,15,3,4,5,5,3,5,2,4,4,5,3,5,6,6,3,5
294,16,4,6,7,5,5,7,4,1,6,6,1,0,3,2,1,2
295,0,0,0,0,0,0,0,0,0,0,0,0,0,0,0,0,0
296,2,1,1,1,1,1,2,2,1,0,0,0,1,0,0,0,0
297,14,2,3,3,3,2,0,2,2,3,1,1,2,6,4,1,2
298,13,3,3,3,3,4,4,1,4,2,5,3,3,2,4,5,5
299,13,3,4,3,2,2,3,2,3,3,2,2,3,3,3,3,1
300,11,3,4,3,3,2,2,2,2,3,3,2,4,2,3,2,2
301,10,2,2,2,3,1,2,3,4,3,2,2,4,2,2,3,3
302,12,5,4,2,2,3,3,1,1,2,3,0,1,2,4,1,2
303,8,1,2,2,2,1,1,2,1,2,2,2,2,1,3,1,1
304,8,3,4,2,1,2,3,3,3,1,3,2,1,0,3,1,2
305,17,3,3,4,7,3,3,5,7,3,5,5,6,4,6,4,5
306,7,4,1,1,1,3,1,1,1,3,1,0,1,2,1,1,1
307,32,6,5,4,2,7,5,4,4,4,6,4,5,7,9,10,7
308,8,3,2,2,1,1,2,3,2,3,1,2,1,3,3,3,1
309,4,1,1,1,1,2,2,2,1,2,1,1,1,0,1,1,2
310,4,2,1,1,2,1,0,0,1,1,0,0,0,0,1,1,1
311,7,1,1,1,1,1,0,1,1,1,1,1,1,2,1,1,2
312,9,5,1,0,0,5,5,4,1,2,3,3,0,1,3,4,4
313,12,3,6,5,1,1,2,3,2,2,4,2,1,2,3,2,1
314,12,3,3,4,2,4,1,4,2,3,2,3,3,3,3,2,0
315,11,3,3,3,4,4,5,4,5,2,2,3,4,4,4,4,3
316,12,1,1,3,3,3,2,3,3,2,2,3,2,5,5,5,3
317,21,2,4,6,5,2,2,6,8,3,6,9,10,4,7,6,5
318,9,1,2,2,5,1,1,1,4,2,2,2,0,1,1,2,3
319,11,1,1,2,2,0,1,1,2,1,3,4,7,3,2,2,5
320,15,3,3,2,1,4,5,1,1,4,5,2,1,7,8,3,3
321,9,3,2,3,1,2,1,2,2,2,1,2,2,3,3,3,2
322,16,5,4,7,4,4,3,4,3,3,1,1,1,2,1,0,2
323,11,3,3,3,2,4,2,2,2,1,1,2,2,2,2,3,2
324,9,3,2,1,2,2,3,2,4,2,2,2,3,2,2,3,2
325,45,15,15,6,3,16,8,4,5,13,17,6,3,21,15,2,1
326,8,3,3,2,3,2,3,2,2,1,1,0,1,3,2,1,1
327,9,3,1,1,2,3,3,4,4,1,1,2,1,1,2,1,1
328,10,1,0,1,1,4,1,1,1,2,2,2,2,1,3,4,1
329,11,2,2,2,5,1,2,5,6,1,2,4,3,1,2,3,3
330,16,2,2,3,3,3,2,3,4,5,3,4,4,4,5,4,4
331,11,1,3,3,1,4,6,3,1,4,4,3,3,3,3,2,1
332,17,2,1,2,1,5,3,3,1,9,4,4,3,9,7,3,5
333,15,4,4,5,5,3,2,6,6,4,4,3,5,2,2,3,2
334,11,2,2,2,2,4,4,2,3,5,2,3,2,4,3,2,3
335,9,1,1,1,3,3,2,2,5,2,1,1,3,3,2,2,1
336,14,4,3,3,4,3,2,2,2,1,1,2,4,3,1,2,4
337,6,2,1,2,1,2,1,1,2,3,2,1,2,2,2,2,2
338,8,3,4,3,3,2,3,2,3,2,3,2,3,1,2,1,4
339,7,2,2,1,2,1,1,2,3,2,2,2,2,2,1,2,2
340,24,8,9,4,2,5,11,8,1,10,11,4,2,10,9,4,2
341,14,3,4,3,8,2,2,1,8,2,2,2,4,1,3,3,5
342,13,4,3,5,4,2,3,3,2,4,1,2,2,4,3,3,2
343,12,4,3,2,3,2,1,1,3,2,1,1,2,1,1,4,5
344,21,1,4,5,9,4,5,3,4,4,3,3,3,3,3,3,2
345,6,0,0,1,1,1,1,1,1,3,2,1,2,2,2,1,2
346,3,1,1,0,2,1,0,1,2,1,1,1,1,0,0,1,0
347,12,2,0,1,6,1,1,3,3,1,1,2,3,1,2,2,2
348,15,6,7,6,9,3,2,5,9,2,3,5,7,1,3,9,8
349,7,1,0,0,3,1,0,3,3,1,0,3,4,1,0,1,4
350,7,3,1,0,0,2,2,2,1,3,1,1,1,4,2,2,2
351,15,5,3,2,2,4,3,3,2,5,4,1,2,2,4,4,3
352,13,4,4,4,3,3,3,3,2,3,2,3,3,2,3,3,3
353,12,1,2,2,2,1,1,2,2,4,2,3,2,4,4,6,3
354,12,4,2,2,1,5,5,4,4,5,4,3,3,2,4,3,2
355,15,3,2,4,5,4,2,2,1,3,4,6,5,3,3,3,5
356,13,1,2,3,4,0,2,3,4,1,2,5,4,2,1,2,3
357,15,3,6,6,3,2,4,6,6,1,2,3,6,1,1,3,4
358,13,1,1,2,2,2,1,2,3,1,2,3,3,2,6,7,7
359,10,5,6,3,3,2,2,3,1,3,1,1,1,2,2,1,1
360,6,2,1,1,3,2,1,1,1,2,2,2,1,1,1,1,2
361,5,0,1,2,2,1,1,2,3,2,2,1,3,0,1,2,2
362,8,1,0,1,0,1,1,1,0,3,2,0,2,3,3,1,2
363,14,1,1,3,8,2,2,2,3,2,3,4,2,2,3,4,2
364,16,1,2,8,8,2,4,7,8,2,3,10,4,4,3,11,2
365,8,1,1,1,1,3,0,1,2,4,5,2,0,4,6,2,1
366,12,2,3,3,2,3,3,3,3,3,3,2,2,3,2,2,3
367,12,1,4,4,2,5,5,3,3,5,3,4,2,3,4,2,1
368,15,1,2,2,2,3,2,2,2,3,2,4,5,2,2,4,5
369,16,2,4,4,3,1,1,1,1,3,2,1,6,3,3,4,5
370,10,2,3,2,1,3,3,2,3,4,1,2,3,4,1,1,3
371,17,3,5,4,4,4,4,3,4,3,5,2,3,6,6,3,3
372,12,1,1,1,3,1,2,1,2,3,2,1,1,5,4,4,4
373,18,5,11,8,5,3,5,7,8,1,2,4,5,2,1,3,4
374,13,0,1,1,2,3,2,3,3,5,5,3,4,4,6,6,6
375,18,4,6,4,5,4,4,2,5,3,4,3,4,2,2,1,2
376,17,5,4,6,5,5,2,1,2,3,4,3,2,2,4,4,2
377,26,8,8,10,10,6,7,3,8,1,8,3,5,5,8,2,7
378,33,7,10,9,4,7,8,4,5,2,8,6,3,9,13,8,6
379,24,5,3,3,6,6,5,6,8,5,6,4,8,8,6,6,6
380,10,3,2,3,2,2,2,2,2,1,1,3,3,2,2,2,1
381,10,2,1,2,1,2,1,2,2,3,2,2,2,1,1,4,3
382,12,4,3,0,0,6,4,1,1,6,4,1,1,7,2,1,2
383,16,2,2,3,1,2,2,4,4,1,1,2,6,4,5,7,9
384,10,4,4,1,1,3,3,1,0,6,4,1,0,5,4,0,0
385,18,5,6,3,3,3,5,3,4,9,9,4,3,5,9,3,2
386,15,2,4,4,3,2,1,5,3,1,1,5,5,2,2,3,7
387,10,5,2,2,0,3,0,2,3,2,1,3,2,2,2,2,1
388,12,1,0,1,2,2,2,3,3,1,4,3,3,2,5,0,2
389,13,5,4,4,3,3,5,8,6,2,2,3,4,3,5,6,4
390,17,2,6,8,2,1,5,7,5,2,1,5,5,2,2,4,6
391,24,7,9,4,6,7,9,7,6,3,7,6,7,7,12,8,3
392,25,6,7,5,2,4,3,4,1,8,9,7,4,2,9,7,6
393,12,5,6,5,3,2,5,4,2,2,5,4,2,1,2,3,3
394,4,1,1,1,1,0,0,1,1,1,1,1,1,0,1,1,1
395,15,3,4,9,6,3,7,6,4,4,10,4,2,3,9,3,2
396,16,3,3,6,4,1,2,5,5,4,4,2,4,3,3,3,6
397,17,3,4,2,2,6,6,5,5,4,7,4,4,3,4,4,4
398,14,3,2,7,2,3,4,8,3,3,4,7,2,3,4,8,2
399,20,9,9,8,6,5,4,4,4,4,3,3,2,5,5,3,2
400,7,4,3,0,0,3,0,0,0,1,1,0,0,1,1,1,3
401,20,3,9,3,1,2,8,4,3,5,5,1,5,4,3,3,8
402,15,2,1,1,6,2,2,1,5,2,2,2,5,1,4,3,5
403,18,4,4,2,3,4,5,4,2,5,6,6,4,8,6,6,3
404,19,3,5,6,3,4,3,4,5,4,3,8,9,5,5,12,5
405,24,2,2,2,8,2,1,2,7,9,9,2,8,5,9,7,10
406,9,1,1,3,3,1,1,1,3,1,3,3,2,2,3,3,2
407,16,1,3,3,4,2,2,3,2,1,1,3,6,2,2,3,9
408,6,2,2,3,1,2,2,2,2,1,1,2,1,1,0,1,0
409,4,1,1,0,1,2,1,0,1,1,1,1,0,0,1,1,0
410,9,3,4,4,2,1,2,1,1,0,1,1,3,1,2,2,3
411,15,3,2,2,7,5,5,3,5,3,3,6,4,2,2,7,3
412,11,1,0,0,3,1,0,0,2,2,0,1,2,2,1,2,2
413,17,4,5,3,5,2,3,4,3,1,5,4,3,2,5,6,1
414,19,7,8,4,3,4,4,4,3,5,2,2,3,4,3,1,4
415,26,2,5,6,7,7,6,7,7,7,8,7,8,6,5,6,8
416,8,5,4,4,3,2,2,2,3,2,1,1,1,1,0,0,0
417,19,9,8,5,2,9,3,4,2,4,2,2,2,4,2,1,1
418,8,2,3,3,2,2,1,2,1,1,1,2,1,1,1,1,0
419,22,8,6,7,7,6,4,4,3,6,4,2,4,6,6,2,4
420,27,5,3,9,4,6,5,12,6,6,3,12,9,5,4,9,13
421,19,4,3,5,7,7,1,1,3,8,6,1,2,3,7,7,1
422,19,5,6,8,7,3,5,7,6,4,6,9,5,4,4,8,2
423,9,2,1,1,3,2,1,3,3,1,2,3,1,1,3,3,2
424,9,1,2,3,2,2,1,2,2,2,0,1,2,2,1,0,1
425,3,1,1,1,0,0,1,1,0,0,0,1,1,0,1,1,0
426,8,1,3,4,4,1,1,3,4,0,0,1,3,1,1,1,2
427,4,1,1,3,1,0,0,2,1,1,1,1,1,1,2,2,0
428,19,2,4,3,4,4,4,3,5,5,2,7,9,5,5,7,3
429,25,4,6,4,5,3,6,6,8,6,7,4,7,7,6,4,7
430,17,5,3,2,4,4,3,2,11,1,1,2,5,2,0,2,3
431,10,3,3,2,2,2,2,2,1,2,2,2,1,1,1,2,2
432,3,2,0,0,0,2,1,1,0,0,1,1,0,1,1,1,1
433,5,1,1,1,1,1,1,0,0,1,1,2,2,1,2,2,3
434,8,3,3,5,2,3,4,4,2,1,2,1,1,0,1,1,1
435,26,4,3,1,2,4,3,3,2,6,3,3,9,14,14,5,10
436,23,11,12,12,5,6,6,5,2,4,5,6,2,4,2,3,3
437,16,3,3,3,3,1,2,5,6,3,5,5,5,2,3,3,2
438,18,2,5,10,7,3,5,5,7,3,4,4,2,3,1,1,3
439,18,1,1,6,4,8,1,2,3,8,2,2,3,7,7,2,1
440,10,1,3,4,3,2,2,3,3,4,2,2,1,2,1,1,2
441,12,3,3,3,2,2,3,2,3,1,3,1,3,1,4,1,2
442,2,0,1,1,0,0,0,0,0,0,0,0,0,1,1,0,0
443,4,0,1,1,1,1,1,1,1,0,0,0,0,0,1,1,1
444,3,1,1,0,1,1,0,1,1,0,0,1,1,0,0,1,1
445,3,1,1,1,0,0,0,0,0,1,1,1,1,1,1,0,0
446,2,0,0,0,0,0,1,1,1,1,1,0,0,0,0,0,1
447,6,2,2,2,1,1,1,1,1,0,1,3,2,3,3,2,1
448,8,1,0,1,1,0,1,2,3,2,3,3,4,1,2,3,1
449,5,2,2,1,1,1,3,1,2,3,3,1,2,3,2,1,1
450,14,2,4,4,4,5,2,4,4,5,2,2,4,1,2,2,4
451,19,3,6,5,4,5,3,1,1,3,3,3,7,3,2,3,7
452,23,3,2,3,9,3,5,6,7,11,11,9,10,10,9,6,4
453,7,1,2,1,2,1,2,2,3,2,3,3,3,4,3,1,2
454,7,2,1,3,2,2,1,3,3,1,1,1,2,1,1,1,1
455,12,5,7,7,6,3,3,3,3,3,5,5,2,2,2,2,1
456,12,1,2,3,6,1,2,2,4,0,2,5,4,1,1,4,2
457,24,6,12,11,12,2,9,8,11,1,4,4,7,5,4,8,8
458,24,11,14,7,8,5,15,8,9,5,12,4,9,5,11,11,8
459,4,1,1,1,1,0,1,1,1,1,2,1,1,1,1,1,1
460,6,2,3,3,3,2,2,1,2,1,1,2,2,1,1,2,2
461,13,3,3,3,1,4,5,6,5,3,2,4,5,3,2,1,3
462,6,2,2,1,1,2,1,1,1,1,1,1,2,1,1,2,1
463,10,4,2,3,4,3,3,3,2,3,2,1,2,2,1,2,2
464,5,0,0,0,0,3,1,1,1,3,2,3,2,2,1,2,2
465,5,1,1,2,1,1,2,3,1,1,1,2,3,1,1,0,1
466,10,2,2,3,4,1,3,3,4,2,2,1,1,0,0,0,0
467,2,1,1,1,0,0,0,0,0,0,0,0,0,0,0,0,0
468,4,1,0,1,1,1,1,0,0,0,2,1,0,0,1,3,1
469,1,0,0,1,1,0,0,0,0,0,0,0,0,0,0,0,0
470,4,1,1,1,2,1,1,0,2,0,1,1,0,0,1,1,1
471,8,0,2,2,2,2,3,1,2,1,1,1,2,0,1,2,1
472,8,1,1,1,1,2,1,2,2,2,1,2,4,1,0,2,4
473,16,3,6,5,2,4,4,3,4,2,2,5,3,3,3,3,3
474,16,4,4,4,3,3,4,6,2,1,3,6,3,2,4,4,6
475,13,1,1,1,6,1,1,1,4,1,1,4,4,2,3,6,6
476,15,6,5,4,1,5,5,2,1,3,1,1,2,2,1,2,3
477,4,1,1,1,1,1,1,2,3,1,1,1,1,1,2,2,2
478,14,2,2,3,5,2,1,2,5,2,2,1,5,4,2,1,5
479,10,1,1,2,1,2,1,1,1,3,2,2,3,6,2,1,0
480,10,3,2,2,2,7,4,4,4,2,1,2,2,2,2,1,1
481,12,3,2,2,4,5,5,5,5,4,4,2,3,2,1,2,2
482,10,1,2,2,0,1,3,2,2,3,5,5,3,4,3,3,3
483,16,3,5,4,8,3,3,6,7,5,7,8,5,6,8,2,2
484,8,2,1,2,3,1,2,1,3,1,1,1,3,1,1,2,2
485,14,2,2,1,2,2,2,2,2,5,4,5,4,5,4,2,2
486,18,2,2,6,4,2,3,5,4,4,5,6,3,3,4,6,2
487,6,2,2,3,2,1,2,2,0,1,1,1,1,1,2,2,0
488,6,1,1,1,2,1,1,1,1,1,1,1,1,0,0,0,1
489,8,3,2,1,2,1,1,1,1,0,0,0,0,2,1,1,1
490,7,3,2,2,1,1,1,3,2,1,2,3,1,1,1,2,1
491,4,2,2,1,1,2,2,2,2,0,1,1,0,0,1,1,0
492,3,2,2,2,0,1,0,0,0,0,0,0,0,0,0,0,0
493,3,2,1,0,1,1,2,1,1,1,0,1,1,1,1,1,1
494,3,0,0,0,0,1,1,0,0,1,1,1,1,1,0,0,0
495,5,1,0,0,2,1,1,1,2,2,1,1,1,1,1,0,1
496,8,2,1,2,2,1,1,1,1,1,1,1,1,3,3,3,1
497,4,0,1,1,0,2,2,0,0,1,2,0,1,2,1,1,1
498,29,7,1,2,4,6,3,2,5,6,6,6,6,6,5,7,5
499,19,4,3,4,3,2,2,2,2,2,0,2,2,4,3,4,3
500,12,4,3,2,1,2,1,2,3,2,2,2,5,2,1,1,4
501,24,4,3,3,9,5,4,3,8,8,7,3,8,8,10,7,4
502,23,5,1,6,5,4,1,2,10,2,1,2,8,0,1,2,9
503,27,3,2,2,3,3,6,9,10,9,7,7,9,7,8,4,5
504,31,3,15,7,6,4,12,14,7,6,6,13,10,8,7,10,8
505,21,6,6,6,5,8,9,7,3,5,5,5,4,2,2,6,7
506,23,5,1,1,4,2,2,1,3,5,5,1,3,6,6,6,8
507,13,4,4,1,4,3,4,2,3,2,3,2,2,3,4,3,1
508,13,4,4,3,2,2,3,2,2,2,2,3,6,2,2,3,6
509,6,2,1,1,1,2,2,1,1,3,2,1,1,2,2,1,1
510,20,5,3,3,1,4,3,1,1,7,4,3,4,5,6,6,5
511,17,1,1,3,4,2,2,3,5,6,6,5,7,5,5,3,2
512,14,3,3,5,6,2,2,3,3,5,5,4,3,0,0,0,1
513,7,2,2,1,1,2,3,2,2,3,2,1,1,1,1,1,1
514,5,1,1,1,1,3,2,1,0,2,1,1,0,1,0,0,0
515,2,1,1,1,1,0,1,1,1,1,1,0,1,1,0,0,0
516,10,4,2,4,0,4,2,5,4,1,2,2,1,1,2,2,2
517,3,1,1,1,1,2,1,1,1,1,2,1,0,1,1,0,0
518,0,0,0,0,0,0,0,0,0,0,0,0,0,0,0,0,0
519,0,0,0,0,0,0,0,0,0,0,0,0,0,0,0,0,0
520,0,0,0,0,0,0,0,0,0,0,0,0,0,0,0,0,0
521,2,0,0,1,1,0,0,0,1,0,0,0,1,0,0,0,1
522,3,0,0,2,2,0,0,2,0,0,0,2,1,0,2,2,1
523,5,2,1,0,1,1,1,1,2,1,1,2,2,1,1,1,1
524,6,3,2,1,1,2,1,1,1,1,1,0,1,1,1,1,1
525,7,2,2,2,2,2,1,1,2,2,1,2,2,2,1,1,1
526,33,7,9,9,8,6,7,9,9,8,7,7,6,8,5,5,6
527,22,9,6,3,2,3,1,2,2,5,3,3,3,8,5,1,2
528,7,0,1,1,3,2,2,1,2,2,2,4,4,0,1,3,2
529,15,5,4,7,4,4,4,6,4,3,5,5,5,1,4,4,2
530,31,3,3,10,8,8,5,10,4,7,7,9,9,5,7,8,8
531,10,5,1,0,2,5,1,1,3,2,2,3,3,2,3,2,2
532,29,3,7,11,15,1,7,10,14,5,4,10,11,2,2,5,9
533,13,5,1,4,3,3,1,1,3,2,1,1,3,3,2,2,4
534,16,2,5,5,3,6,6,3,3,3,1,2,3,5,5,5,1
535,11,3,2,2,4,1,1,3,2,1,3,4,3,3,4,2,2
536,10,3,1,1,1,2,1,1,2,2,1,2,1,3,2,2,1
537,7,2,2,1,2,2,1,1,3,1,1,3,3,2,2,2,1
538,5,1,1,1,1,2,1,1,0,1,1,2,1,2,2,3,2
539,5,0,0,1,1,2,2,2,1,3,1,1,1,2,0,1,3
540,3,1,1,1,0,2,1,1,1,1,0,1,1,0,1,1,1
541,4,1,0,1,1,0,0,1,1,1,1,1,1,0,1,1,1
542,2,0,0,1,1,0,0,1,1,0,0,0,0,1,1,1,1
543,3,0,2,0,0,0,2,0,0,0,3,2,0,0,3,2,0
544,0,0,0,0,0,0,0,0,0,0,0,0,0,0,0,0,0
545,1,0,0,0,0,0,0,0,1,0,0,0,1,0,0,0,1
546,6,1,1,1,1,4,3,1,1,3,2,1,0,2,1,0,1
547,6,1,1,1,0,2,2,2,2,1,1,3,4,2,2,1,1
548,8,1,1,0,0,3,5,5,2,3,2,2,2,1,1,1,1
549,2,0,0,0,1,1,1,1,0,1,0,0,0,0,0,0,1
550,4,1,0,1,1,1,1,1,0,1,1,1,1,1,1,0,0
551,5,1,1,1,2,0,0,0,0,1,1,0,0,1,1,0,0
552,4,2,2,1,2,1,2,2,2,1,1,1,1,0,0,0,0
553,4,1,1,0,2,1,1,1,1,1,1,2,1,0,0,1,1
554,3,1,0,0,0,2,2,2,1,1,1,1,0,1,2,2,1
555,1,0,0,0,0,1,0,0,0,1,0,0,0,1,1,0,0
556,3,0,0,0,1,0,0,0,0,0,0,0,0,0,0,0,2
557,3,1,0,1,1,1,0,0,0,0,0,0,1,0,0,1,1
558,9,1,2,1,2,2,4,3,2,1,3,3,2,0,2,3,4
559,11,1,1,2,3,1,2,2,2,2,3,4,2,2,3,4,3
560,19,4,6,8,5,2,6,7,3,3,6,8,3,3,6,8,3
561,12,3,2,1,4,1,2,2,3,4,2,1,1,3,1,1,1
562,25,2,2,8,6,7,7,10,9,1,5,11,9,6,5,10,6
563,9,3,3,2,3,1,1,3,3,1,3,3,4,3,3,3,2
564,8,2,1,1,1,1,2,2,0,1,2,2,0,4,2,2,1
565,6,1,1,3,3,2,2,2,1,2,2,0,0,1,0,0,1
566,4,2,1,0,0,0,0,0,0,1,1,1,1,1,0,1,1
567,1,0,0,0,0,1,1,0,0,1,1,1,1,1,0,0,0
568,2,0,1,1,0,2,1,0,0,2,0,0,0,0,0,0,0
569,2,1,1,1,0,0,1,1,2,0,0,0,1,0,0,0,0
570,0,0,0,0,0,0,0,0,0,0,0,0,0,0,0,0,0
571,0,0,0,0,0,0,0,0,0,0,0,0,0,0,0,0,0
572,2,1,0,1,0,1,1,1,1,1,1,1,1,0,1,1,0
573,3,1,0,1,1,0,1,1,1,0,1,1,1,1,2,1,0
574,3,1,2,1,1,1,1,0,1,0,0,0,1,0,0,0,1
575,4,0,0,0,1,0,0,1,0,2,1,3,2,1,0,2,1
576,3,1,1,0,0,0,1,0,0,1,1,1,1,1,1,0,1
577,2,0,0,0,2,0,0,0,1,0,0,0,0,0,0,0,0
578,21,7,9,5,2,6,1,2,2,8,2,5,2,4,4,8,7
579,7,0,1,2,2,1,1,3,3,3,2,3,2,1,1,1,0
580,14,5,5,2,3,3,4,2,2,2,2,4,4,2,2,3,2
581,19,6,4,2,3,3,4,3,8,5,5,3,4,3,4,4,3
582,30,11,9,8,6,7,11,5,8,8,10,7,7,7,2,6,5
583,15,4,2,3,2,4,2,2,1,3,1,2,5,3,3,4,5
584,14,2,3,1,1,1,1,1,1,1,2,2,5,2,1,3,7
585,16,3,3,4,5,3,2,2,4,5,5,3,4,5,6,2,3
586,13,1,1,6,9,1,1,6,5,1,4,7,4,4,5,4,3
587,5,0,0,1,1,0,0,1,0,0,0,1,0,1,2,2,3
588,7,1,0,0,2,1,0,0,2,1,0,0,3,0,0,1,2
589,3,0,0,0,0,0,0,1,1,0,1,2,2,1,1,1,1
590,6,0,2,2,1,1,2,2,2,0,1,1,1,0,2,2,2
591,2,1,0,0,0,1,1,0,0,1,1,0,0,1,1,1,0
592,0,0,0,0,0,0,0,0,0,0,0,0,0,0,0,0,0
593,2,0,0,0,0,0,0,0,1,0,1,1,1,0,2,1,1
594,6,1,1,0,1,1,1,1,0,1,1,1,2,0,1,2,2
595,8,0,1,2,2,1,2,1,2,1,2,3,3,1,1,1,2
596,40,8,6,8,4,11,8,11,3,12,4,13,7,11,12,14,6
597,47,11,19,7,7,4,15,16,11,9,10,16,21,8,10,4,13
598,31,9,10,9,6,9,5,4,4,8,3,5,5,5,6,5,6
599,24,3,2,5,7,3,3,4,4,6,6,5,6,6,6,8,9
600,8,1,1,2,2,1,2,2,1,3,3,2,2,2,1,0,2
601,19,2,1,4,4,1,3,5,4,4,3,4,5,4,2,5,8
602,14,3,4,5,2,4,1,3,3,4,2,3,4,4,3,3,4
603,15,3,3,3,4,3,3,1,3,2,3,5,2,2,2,5,2
604,23,7,7,9,6,4,4,9,11,2,4,6,5,2,1,3,3
605,6,3,1,2,2,0,1,0,1,0,1,0,0,0,1,1,1
606,5,2,2,1,1,1,1,1,1,0,1,1,1,2,2,2,0
607,5,2,2,1,0,2,1,2,2,1,1,2,1,1,1,1,1
608,3,1,0,0,0,1,1,0,0,1,1,1,0,1,1,2,0
609,6,2,1,1,2,2,2,2,2,0,0,0,0,1,2,2,2
610,5,1,0,2,0,1,0,1,0,1,0,1,1,2,1,0,1
611,19,8,10,8,7,8,9,6,3,5,5,2,1,4,2,2,2
612,19,3,2,3,2,7,5,5,4,6,8,5,6,3,3,2,4
613,11,1,2,2,3,2,3,3,3,4,3,3,2,2,3,4,4
614,13,1,2,2,2,5,4,2,4,3,2,3,4,4,1,4,4
615,11,1,3,6,6,3,3,2,5,3,1,1,3,3,2,2,4
616,9,2,2,1,3,2,2,2,3,2,2,3,3,0,3,2,1
617,1,0,0,0,0,0,0,0,0,0,0,1,0,0,1,1,1
618,8,2,2,0,1,2,1,1,1,1,1,2,0,1,2,4,2
619,18,4,4,3,3,4,4,2,4,4,2,1,2,8,6,1,1
620,14,2,3,4,3,3,4,2,3,2,2,1,1,2,4,4,1
621,28,10,9,5,4,10,8,2,4,9,11,4,5,9,5,5,8
622,19,4,2,2,0,3,3,2,2,7,7,4,2,7,9,9,10
623,9,1,1,1,1,1,0,1,1,0,1,1,1,4,2,4,3
624,10,0,1,1,2,2,3,3,4,5,5,3,2,3,2,0,1
625,16,4,5,3,3,3,4,6,5,1,2,3,3,1,1,2,1
626,12,2,2,1,2,3,2,1,1,6,5,3,3,2,4,5,3
627,10,1,3,3,4,0,0,2,4,3,3,3,2,0,0,3,3
628,8,4,3,1,2,2,2,2,3,3,2,1,1,1,3,2,0
629,9,3,3,3,3,2,1,1,2,2,2,2,1,1,1,1,1
630,9,2,3,2,0,2,2,2,2,3,2,0,2,4,4,2,0
631,7,1,1,1,1,0,1,0,1,2,3,1,1,2,4,3,0
632,8,5,3,2,2,1,2,2,1,1,2,2,1,1,0,1,1
633,5,0,1,1,1,1,1,0,0,2,2,2,2,1,0,1,2
634,5,0,0,1,1,1,1,1,1,1,1,1,0,1,2,2,1
635,7,2,2,0,0,3,2,1,1,3,2,0,1,3,4,2,3
636,0,0,0,0,0,0,0,0,0,0,0,0,0,0,0,0,0
637,7,1,1,4,3,1,3,4,2,1,3,3,3,2,3,2,1
638,7,2,1,2,2,2,1,1,0,2,1,2,3,2,2,1,2
639,7,2,2,3,2,1,1,1,0,3,2,0,0,2,1,1,1
640,8,3,3,3,1,3,5,3,3,1,1,2,2,1,1,1,1
641,8,2,2,1,0,3,2,2,1,2,2,3,3,1,1,2,1
642,4,1,2,1,1,1,1,1,1,1,1,0,0,1,2,1,1
643,7,4,1,1,1,3,1,1,0,4,2,2,2,2,1,2,2
644,3,0,1,0,0,0,1,0,0,0,1,1,1,1,1,1,1
645,5,1,1,1,1,0,0,1,1,1,1,3,1,0,0,1,2
646,8,1,1,2,2,3,3,1,2,1,3,3,3,1,2,4,5
647,11,7,5,2,2,5,5,3,4,2,3,3,2,2,1,1,1
648,13,7,6,3,3,10,7,2,1,3,4,5,3,0,3,1,2
649,8,2,2,2,2,2,2,0,2,0,2,2,2,2,2,2,2
650,25,4,5,6,4,5,4,8,6,5,5,3,4,9,12,10,6
651,33,9,5,8,9,8,5,9,5,10,10,6,2,12,9,5,3
652,25,7,5,5,7,5,5,5,3,8,3,4,2,7,4,6,3
653,17,7,5,3,4,4,1,2,5,2,3,3,4,3,3,5,4
654,3,2,1,1,0,1,1,2,2,0,0,0,2,0,1,1,1
655,8,0,1,2,2,0,0,1,1,2,1,1,1,3,3,2,1
656,9,1,2,2,1,3,4,2,1,2,2,2,2,2,3,4,4
657,6,1,1,1,1,1,1,1,0,1,0,1,1,4,0,1,1
658,6,1,3,2,3,1,2,2,1,1,1,3,3,1,2,4,3
659,8,0,1,2,2,0,0,2,1,0,0,1,1,0,0,3,2
660,7,2,1,1,2,2,2,1,2,3,2,2,1,2,1,0,1
661,8,3,4,0,0,2,6,0,0,3,4,1,0,5,2,0,0
662,11,0,1,1,1,1,2,1,0,2,1,0,1,2,1,2,7
663,5,1,2,1,1,0,1,1,2,1,2,1,1,2,2,2,2
664,10,1,1,1,1,1,1,1,1,1,0,0,0,5,5,3,4
665,15,3,2,3,4,1,3,5,4,5,5,3,5,4,5,5,4
666,7,1,1,1,1,1,1,2,2,2,2,2,1,1,3,3,1
667,7,1,0,1,0,2,2,2,2,1,2,2,1,1,1,2,2
668,5,1,1,2,1,1,1,2,1,2,2,1,1,1,1,1,2
669,4,1,1,1,1,1,1,0,0,0,1,0,0,0,1,1,0
670,1,1,1,0,0,0,0,1,1,0,0,0,0,0,0,0,0
671,1,0,1,1,1,1,0,0,0,0,0,0,0,0,0,0,0
672,3,1,2,1,2,0,1,1,1,0,1,1,0,0,1,0,0
673,22,6,7,7,1,3,4,7,5,5,5,4,5,2,3,8,6
674,35,4,7,4,9,8,13,9,10,12,15,8,6,4,13,8,5
675,26,7,4,6,4,3,5,6,4,2,5,3,5,6,6,6,4
676,12,6,6,1,2,4,3,1,1,2,3,3,1,1,1,3,1
677,10,6,4,3,2,4,2,2,2,2,1,1,2,2,1,1,2
678,12,4,3,4,3,3,1,2,3,3,1,2,2,3,2,2,2
679,9,1,2,3,5,5,5,4,3,2,1,0,1,1,1,0,1
680,11,3,3,1,1,1,1,0,3,1,1,2,6,2,5,4,5
681,3,1,1,1,0,1,1,1,0,1,2,1,1,0,2,1,1
682,8,1,1,1,1,2,2,2,2,2,2,3,3,1,1,1,4
683,13,2,4,4,3,2,4,5,3,2,1,3,2,2,2,2,2
684,7,1,2,2,1,2,3,3,3,0,1,1,2,0,3,2,2
685,10,2,3,3,3,2,3,2,2,2,3,3,1,1,0,0,1
686,16,3,4,4,4,7,2,3,4,1,2,1,1,1,2,0,1
687,13,2,1,2,6,6,0,0,6,6,3,2,2,3,3,2,2
688,8,0,1,1,3,6,7,6,5,1,1,1,0,0,0,1,1
689,11,4,3,4,2,3,2,3,2,0,1,3,2,1,1,1,2
690,4,0,0,0,1,1,1,1,2,2,1,0,1,3,1,0,0
691,14,5,6,4,4,5,1,5,8,7,7,7,3,2,2,2,1
692,14,2,3,3,3,1,2,1,2,3,3,2,4,2,6,7,7
693,11,2,3,3,2,2,3,5,3,5,7,9,4,3,2,2,0
694,10,2,4,3,2,6,5,3,2,6,3,2,1,2,2,2,2
695,9,1,1,2,2,1,0,1,1,3,2,3,4,2,2,3,5
696,6,1,1,0,0,1,1,1,1,0,1,2,1,1,2,2,3
697,6,2,3,3,2,2,0,0,1,2,1,1,0,1,1,1,0
698,21,6,10,5,7,5,7,3,4,5,2,2,3,4,2,2,6
699,25,4,5,5,3,5,6,8,13,2,7,13,13,5,7,7,3
700,33,9,10,6,2,6,5,6,7,12,4,6,9,9,3,7,8
701,26,1,6,11,12,5,4,6,6,6,3,4,2,8,3,4,4
702,32,12,10,10,11,9,13,14,7,2,2,3,2,2,4,3,3
703,31,10,4,4,6,14,5,5,4,11,8,7,7,6,7,10,8
704,17,1,2,2,1,3,2,2,2,8,6,3,2,8,10,8,9
705,12,2,3,2,1,2,2,2,2,1,2,2,2,6,2,2,2
706,5,0,1,2,2,0,2,2,1,0,2,1,1,3,3,1,0
707,14,2,1,1,1,3,1,2,2,3,2,3,4,1,3,3,5
708,24,2,5,6,6,4,4,1,2,6,6,3,1,5,4,4,3
709,4,1,1,1,2,2,0,1,1,2,1,1,1,1,0,2,1
710,6,2,2,3,4,0,0,1,3,1,1,1,2,1,2,2,2
711,9,2,3,3,3,3,1,1,2,1,1,2,2,2,2,2,1
712,8,2,4,3,3,2,2,2,2,1,1,1,1,1,0,1,0
713,13,2,2,1,2,3,4,2,0,2,1,1,1,3,2,4,2
714,8,1,1,2,3,1,1,2,1,1,1,1,1,3,2,1,1
715,13,3,0,0,0,1,1,0,1,1,2,2,2,1,2,1,1
716,12,7,7,3,1,8,1,1,0,1,0,1,2,1,0,0,1
717,10,1,1,0,1,1,1,1,1,2,1,2,2,3,1,4,3
718,10,4,0,1,1,4,1,2,2,5,4,2,3,2,4,4,4
719,16,3,3,2,6,3,4,5,5,5,7,4,1,6,6,0,2
720,13,6,6,1,1,2,2,1,1,2,2,2,2,2,3,5,4
721,10,2,1,2,3,4,2,2,2,1,3,3,3,1,1,2,3
722,19,2,4,4,6,2,2,5,6,4,4,5,3,2,3,3,6
723,4,1,1,1,1,1,1,1,0,0,1,0,1,1,1,0,0
724,3,1,1,1,1,1,0,0,0,1,0,1,1,0,1,2,1
725,21,3,3,6,6,3,2,7,2,2,7,7,4,4,7,2,5
726,21,6,2,8,7,5,4,4,2,5,3,8,8,7,9,7,5
727,32,9,3,7,6,7,7,5,7,4,4,4,3,6,4,4,5
728,18,2,1,9,9,4,5,3,2,3,3,2,2,2,3,3,3
729,22,11,6,3,7,7,7,5,10,3,4,4,3,3,2,2,2
730,25,5,4,4,4,12,6,8,6,17,12,13,7,9,8,10,7
731,15,5,3,1,1,4,2,1,0,4,4,2,2,6,9,4,5
732,10,1,1,2,2,5,3,2,1,6,2,2,2,2,1,1,2
733,18,6,4,3,4,6,5,3,4,5,1,3,3,4,4,3,4
734,14,6,2,2,3,5,3,5,3,2,6,5,4,2,4,4,4
735,12,1,2,2,1,3,2,1,2,2,3,2,3,4,5,4,4
736,7,1,0,2,2,4,2,3,3,4,2,2,2,4,3,4,2
737,4,0,0,1,1,1,1,2,2,0,0,2,2,0,0,1,2
738,7,2,0,1,1,0,3,3,2,0,3,3,0,0,0,1,1
739,7,2,2,1,1,2,2,1,1,1,1,0,0,2,2,1,0
740,7,1,1,1,2,0,1,1,2,1,2,2,2,1,2,2,2
741,13,2,1,2,1,2,1,4,3,1,2,2,4,1,3,3,3
742,17,4,4,3,3,5,3,4,3,5,3,4,3,4,5,5,4
743,12,3,1,3,2,3,2,3,3,2,3,2,2,2,2,1,3
744,11,3,2,1,3,2,2,2,2,2,2,3,3,4,2,2,1
745,20,4,6,4,5,1,5,6,5,1,5,8,6,2,3,8,8
746,22,6,5,9,6,5,7,8,4,1,2,5,3,3,4,6,3
747,16,6,7,2,5,7,3,2,3,3,2,3,3,1,1,2,2
748,17,6,4,4,6,4,3,4,5,3,5,2,2,5,7,4,2
749,12,4,4,2,2,1,4,5,6,2,1,1,5,3,1,1,3
750,15,1,4,5,2,3,3,2,2,6,2,2,3,4,3,4,6
751,36,5,15,9,6,22,20,5,3,23,3,2,4,4,4,4,3
752,3,3,0,0,0,1,0,0,0,0,0,0,0,0,0,0,0
753,1,0,0,1,0,0,0,1,1,0,0,0,0,0,0,0,0
754,4,1,2,1,1,1,1,0,0,0,0,0,0,0,0,0,1
755,7,1,1,2,2,3,2,1,1,1,1,1,2,2,1,1,2
756,6,1,2,2,2,1,1,1,2,0,1,1,2,2,2,2,1
